Version,Game,Day of Week,Date,P1,P2,P1 Outcome,P2 Outcome,P1 Win,OT,SO,P1 Previous Game,P1 Home,P1 Team,P2 Team,Scored 1st,P1 Shots,P2 Shots,P1 Hits,P2 Hits,P1 ToA,P2 ToA,P1 Passing,P2 Passing,P1 PM,P2 PM,P1 Powerplays,P2 Powerplays,P1 Faceoffs,P2 Faceoffs,P1 Breakaways,P2 Breakaways,P1 Penalty Shots,P2 Penalty Shots,P1 Offensive Faceoffs,P2 Offensive Faceoffs
12,1,2,2010-11-11,1,7,L,W,No,No,No,,A,Montreal,Tampa Bay,P2,61,45,19,16,3.92,6.5,0.44,0.54,22,24,7,6,33,12,3,1,0,0,15,3
12,2,4,10-13-11,3,5,L,W,No,No,No,No,A,Montreal,Tampa Bay,P2,41,47,16,18,2.9,5.57,0.46,0.54,25,23,4,5,18,19,0,6,0,0,2,3
12,3,0,10-16-11,3,5,L,W,No,No,No,No,A,Montreal,Tampa Bay,P2,59,46,7,25,3.48,5.75,0.55,0.54,14,16,3,2,22,17,3,2,0,2,7,2
12,4,2,10-18-11,3,8,L,W,No,No,No,No,A,Montreal,Tampa Bay,P2,52,52,19,30,4.45,5.82,0.5,0.55,18,16,3,4,22,17,1,0,0,1,1,5
12,5,3,10-19-11,2,9,L,W,No,No,No,No,A,Philadelphia,Tampa Bay,P2,50,53,9,17,4.08,5.37,0.56,0.55,21,19,2,3,16,18,1,2,1,0,4,5
12,6,4,10-20-11,4,3,W,OL,Yes,Yes,No,No,A,Montreal,Tampa Bay,P2,53,48,18,17,3.72,5.62,0.58,0.56,25,17,1,5,11,18,4,1,0,0,3,4
12,7,0,10-23-11,5,8,L,W,No,No,No,Yes,H,Montreal,Tampa Bay,P2,64,46,16,21,5.13,4.93,0.6,0.62,15,13,4,5,20,19,5,2,0,0,5,3
12,8,1,10-24-11,4,2,W,L,Yes,No,No,No,A,Montreal,Tampa Bay,P1,63,49,18,14,3.93,5.25,0.6,0.54,6,0,0,3,10,15,3,2,1,0,2,6
12,9,2,10-25-11,4,0,W,L,Yes,No,No,Yes,H,Montreal,Tampa Bay,P1,62,34,15,30,5.1,5.58,0.67,0.5,2,8,4,1,13,10,0,1,0,0,6,4
12,10,4,10-27-11,3,2,W,OL,Yes,Yes,No,Yes,H,Montreal,Tampa Bay,P2,55,52,20,20,4.13,6.03,0.48,0.58,19,9,2,7,20,20,6,0,0,0,4,7
12,11,0,10-30-11,4,2,W,L,Yes,No,No,Yes,H,Montreal,Tampa Bay,P2,50,54,14,17,4.05,6.08,0.62,0.64,16,12,1,3,16,15,4,0,0,0,6,5
12,12,2,2011-01-11,4,5,L,W,No,No,No,Yes,H,Montreal,Tampa Bay,P1,41,54,14,24,3.28,6.08,0.51,0.64,7,7,1,1,15,14,2,0,0,0,4,5
12,13,4,2011-03-11,2,5,L,W,No,No,No,No,A,Montreal,Tampa Bay,P2,47,43,18,26,4.07,5.27,0.57,0.54,11,9,2,3,15,18,5,1,0,0,5,4
12,14,2,2011-08-11,5,6,L,W,No,No,No,No,A,Montreal,Tampa Bay,P1,42,44,7,23,4.88,6.17,0.52,0.52,4,8,4,2,12,17,4,2,0,0,2,4
12,15,4,2011-10-11,1,3,L,W,No,No,No,No,A,Montreal,Tampa Bay,P2,38,49,19,32,4.52,5.07,0.59,0.59,25,21,3,5,13,16,0,1,0,0,3,5
12,16,0,11-13-11,3,8,L,W,No,No,No,No,A,Montreal,Tampa Bay,P2,50,49,9,24,4.85,5.55,0.65,0.57,2,8,4,1,15,12,1,0,0,0,5,3
12,17,2,11-15-11,2,1,W,L,Yes,No,No,No,A,Montreal,Tampa Bay,P1,49,57,16,24,3.85,5.93,0.57,0.58,29,21,3,7,20,14,1,2,0,0,9,2
12,18,4,11-17-11,0,2,L,W,No,No,No,Yes,H,Montreal,Tampa Bay,P2,36,37,15,28,5.02,5.63,0.59,0.58,4,4,2,2,21,10,3,2,0,1,8,5
12,19,0,11-20-11,5,6,OL,W,No,Yes,No,No,A,Montreal,Tampa Bay,P1,62,48,18,25,4.75,5.48,0.59,0.59,4,4,2,2,20,12,2,0,0,0,3,4
12,20,2,11-22-11,7,4,W,L,Yes,No,No,No,A,Montreal,Tampa Bay,P1,49,38,16,30,4.47,5.93,0.57,0.59,12,12,1,1,20,12,4,1,0,0,6,1
12,21,4,11-24-11,2,6,L,W,No,No,No,Yes,H,Montreal,Tampa Bay,P2,54,53,12,24,4.38,5.6,0.61,0.58,13,11,3,4,15,21,3,1,0,0,4,4
12,22,0,11-27-11,5,4,W,L,Yes,No,No,No,A,Montreal,Tampa Bay,P1,50,43,13,47,5.02,4.98,0.59,0.59,4,8,4,2,12,19,3,0,0,0,3,3
12,23,2,11-29-11,3,5,L,W,No,No,No,Yes,H,Montreal,Tampa Bay,P1,55,34,13,25,2.93,5.05,0.6,0.61,2,4,2,1,19,8,2,1,0,0,6,2
12,24,4,2012-01-11,2,3,SL,W,No,No,Yes,No,A,Montreal,Tampa Bay,P1,62,43,11,31,5.02,5.57,0.56,0.52,6,17,3,1,14,13,5,3,0,0,3,5
12,25,0,2012-04-11,1,7,L,W,No,No,No,No,A,Montreal,Tampa Bay,P1,42,49,23,27,4.5,5.43,0.57,0.57,4,0,0,2,17,16,4,0,0,0,2,4
12,26,2,2012-06-11,6,7,L,W,No,No,No,No,A,Montreal,Tampa Bay,P1,52,44,16,33,5.75,6.03,0.61,0.59,8,6,3,4,17,16,1,1,0,0,4,1
12,27,0,2012-11-11,4,6,L,W,No,No,No,No,A,Montreal,Tampa Bay,P2,43,37,15,17,4.55,5.6,0.51,0.52,2,0,0,1,17,13,2,1,0,0,2,3
12,28,2,12-13-11,2,4,L,W,No,No,No,No,A,Montreal,Tampa Bay,P2,49,34,13,20,4.2,6.37,0.6,0.55,4,0,0,2,10,18,2,3,1,0,3,2
12,29,4,12-15-11,5,3,W,L,Yes,No,No,No,A,Montreal,Tampa Bay,P2,61,39,11,28,5.67,6.52,0.57,0.56,2,4,2,1,12,12,5,0,1,0,3,3
12,30,0,12-18-11,2,4,L,W,No,No,No,Yes,H,Montreal,Tampa Bay,P2,43,53,25,24,3.65,7.2,0.59,0.57,6,4,2,3,21,9,7,0,1,0,5,1
12,31,2,12-20-11,3,4,OL,W,No,Yes,No,No,A,Montreal,Tampa Bay,P1,68,23,17,26,4.55,5.57,0.6,0.52,6,12,6,3,14,18,6,1,0,0,3,7
12,32,0,12-25-11,1,4,L,W,No,No,No,No,A,Montreal,Tampa Bay,P2,35,36,18,26,3.63,4.5,0.63,0.59,11,9,2,3,6,23,3,1,1,0,1,10
12,33,2,12-27-11,3,4,OL,W,No,Yes,No,No,A,Montreal,Tampa Bay,P1,47,39,24,18,4.92,5.68,0.6,0.58,2,4,2,1,20,16,2,0,0,0,2,6
12,34,4,12-29-11,2,4,L,W,No,No,No,No,A,Montreal,Tampa Bay,P2,46,39,7,22,4.87,5.28,0.6,0.54,4,0,0,2,9,9,2,2,0,0,1,1
12,35,0,2001-08-12,0,7,L,W,No,No,No,No,A,Montreal,Tampa Bay,P2,62,44,18,31,5.33,5.78,0.54,0.51,17,25,5,1,22,13,2,5,2,0,7,5
12,36,2,2001-10-12,4,3,W,OL,Yes,Yes,No,No,A,Montreal,Tampa Bay,P1,49,51,13,34,4.87,5.77,0.61,0.55,10,4,2,5,13,12,0,2,0,0,2,3
12,37,4,2001-12-12,3,0,W,L,Yes,No,No,Yes,H,Montreal,Tampa Bay,P1,52,37,20,31,4.47,5.77,0.61,0.6,17,21,3,1,12,18,3,1,1,0,4,3
12,38,2,1-17-12,2,4,L,W,No,No,No,Yes,H,Montreal,Tampa Bay,P2,47,42,14,15,4.08,6.48,0.63,0.63,6,2,1,3,15,14,3,1,1,0,5,3
12,39,4,1-19-12,2,4,L,W,No,No,No,No,A,Montreal,Tampa Bay,P2,45,43,14,19,4.5,5.75,0.56,0.58,19,17,1,2,13,16,1,0,0,0,5,4
12,40,1,1-23-12,0,6,L,W,No,No,No,No,A,Montreal,Tampa Bay,P2,52,46,11,19,4.52,5.35,0.59,0.57,4,10,5,2,16,16,3,7,0,1,2,5
12,41,2,1-24-12,0,5,L,W,No,No,No,No,A,Tampa Bay,Tampa Bay,P2,47,41,25,30,4.57,5.8,0.56,0.57,22,9,2,2,11,13,4,2,0,0,5,3
12,42,4,1-26-12,3,5,L,W,No,No,No,No,A,Montreal,Tampa Bay,P1,52,42,14,12,3.93,6.07,0.63,0.56,11,9,2,3,17,11,5,0,1,0,6,1
12,43,0,1-29-12,2,3,L,W,No,No,No,No,A,San Jose,Tampa Bay,P1,56,34,16,21,4.47,5.6,0.63,0.5,10,14,2,0,7,19,1,2,0,0,2,2
12,44,4,2002-02-12,5,3,W,L,Yes,No,No,No,A,San Jose,Tampa Bay,P2,42,54,22,11,3,6.58,0.58,0.61,9,5,0,2,13,14,4,1,1,0,4,2
12,45,0,2002-05-12,0,4,L,W,No,No,No,Yes,H,San Jose,Tampa Bay,P2,37,50,9,12,4.55,7.22,0.68,0.52,6,8,4,3,13,18,2,4,1,0,3,5
12,46,2,2002-07-12,2,4,L,W,No,No,No,No,A,Montreal,Tampa Bay,P2,54,50,10,39,3.87,5.78,0.56,0.53,18,18,4,4,15,19,1,0,0,1,3,6
12,47,4,2002-09-12,0,7,L,W,No,No,No,No,A,Nashville,Tampa Bay,P2,27,54,9,16,2.72,8.37,0.46,0.47,11,7,1,3,21,8,3,2,0,0,5,1
12,48,0,2002-12-12,1,3,L,W,No,No,No,No,A,Washington,Tampa Bay,P2,43,50,18,13,4.23,6.3,0.55,0.52,13,11,3,4,11,15,2,1,0,0,1,6
12,49,2,2-14-12,3,6,L,W,No,No,No,No,A,Detroit,Tampa Bay,P1,50,44,13,22,3.42,6.7,0.58,0.52,2,2,1,1,20,16,3,3,0,1,4,4
12,50,4,2-16-12,1,6,L,W,No,No,No,No,A,Detroit,Tampa Bay,P2,42,51,9,13,3.17,6.27,0.49,0.51,16,10,0,3,11,15,1,0,0,0,2,5
12,51,0,2-19-12,2,4,L,W,No,No,No,No,A,Winnipeg,Tampa Bay,P2,38,56,13,20,2.9,6.65,0.53,0.44,14,12,1,2,12,21,2,0,0,0,2,2
12,52,2,2-21-12,0,5,L,W,No,No,No,No,A,Detroit,Tampa Bay,P2,42,53,5,11,4.12,5.05,0.55,0.54,11,5,0,3,21,13,1,1,0,1,5,3
12,53,4,2-23-12,1,6,L,W,No,No,No,No,A,Detroit,Tampa Bay,P2,31,46,20,11,3.28,5.63,0.66,0.49,4,4,2,2,13,16,3,1,0,0,3,3
12,54,0,2-26-12,1,7,L,W,No,No,No,No,A,Philadelphia,Tampa Bay,P2,40,57,17,15,3.12,6.77,0.47,0.46,18,18,4,4,20,18,2,1,0,0,5,6
12,55,2,2-28-12,1,4,L,W,No,No,No,No,A,Montreal,Tampa Bay,P2,33,51,9,24,3.33,6.73,0.51,0.55,0,4,2,0,21,12,2,3,0,0,6,5
12,56,4,2003-01-12,2,9,L,W,No,No,No,No,A,Boston,Tampa Bay,P2,30,45,22,17,2.58,7.9,0.5,0.51,27,21,3,6,16,21,1,3,0,1,2,6
12,57,1,2003-05-12,4,1,W,L,Yes,No,No,No,A,Boston,Tampa Bay,P1,43,35,13,20,2.8,6.72,0.58,0.46,9,11,3,2,18,13,4,0,0,0,8,3
12,58,2,2003-06-12,1,2,OL,W,No,Yes,No,Yes,H,Boston,Tampa Bay,P2,41,57,20,18,4.08,6.68,0.53,0.55,27,17,1,6,17,18,1,1,0,0,3,7
12,59,4,2003-08-12,4,1,W,L,Yes,No,No,No,A,Montreal,Tampa Bay,P2,43,52,16,26,2.65,7.98,0.6,0.58,4,4,2,2,15,14,2,1,0,1,5,4
12,60,0,2003-11-12,3,4,L,W,No,No,No,Yes,H,Montreal,Tampa Bay,P1,47,46,12,18,3.87,7.3,0.56,0.53,13,9,2,4,18,15,5,0,0,0,4,3
12,61,2,3-13-12,3,6,L,W,No,No,No,No,A,Montreal,Tampa Bay,P1,44,38,13,29,3.28,6.75,0.53,0.51,6,2,1,3,13,24,1,1,0,0,2,5
12,62,4,3-15-12,3,8,L,W,No,No,No,No,A,Montreal,Tampa Bay,P1,42,51,13,25,3.75,7.2,0.53,0.52,4,2,1,2,15,16,4,3,1,0,4,3
12,63,0,3-18-12,2,1,W,L,Yes,No,No,No,A,Montreal,Tampa Bay,P2,55,51,8,26,2.78,5.68,0.56,0.56,19,23,4,2,15,15,5,4,0,0,3,4
12,64,2,3-20-12,2,0,W,L,Yes,No,No,Yes,H,Montreal,Tampa Bay,P1,42,35,17,30,2.73,7.82,0.46,0.56,16,24,7,3,18,17,1,3,0,0,7,7
12,65,4,3-22-12,3,2,W,OL,Yes,Yes,No,Yes,H,Montreal,Tampa Bay,P1,52,33,14,31,3.18,7.23,0.65,0.52,2,4,2,1,16,12,2,1,0,0,6,0
12,66,0,3-25-12,4,1,W,L,Yes,No,No,Yes,H,Montreal,Tampa Bay,P1,44,40,11,28,4.03,5.7,0.6,0.47,4,4,2,2,17,10,0,1,0,0,3,4
12,67,2,3-27-12,2,3,L,W,No,No,No,Yes,H,Montreal,Tampa Bay,P1,35,48,19,22,3.3,8.12,0.47,0.55,20,10,0,5,15,16,4,0,0,0,4,6
12,68,4,3-29-12,1,2,L,W,No,No,No,No,A,Montreal,Tampa Bay,P2,32,43,15,31,4.27,6.6,0.57,0.6,7,7,1,1,12,10,1,1,1,0,5,1
12,69,0,2004-01-12,3,6,L,W,No,No,No,No,A,Montreal,Tampa Bay,P1,43,58,14,24,3.88,6.87,0.58,0.54,4,4,2,2,18,14,1,0,0,0,5,4
12,70,2,2004-03-12,5,4,W,L,Yes,No,No,No,A,Montreal,Tampa Bay,P1,42,36,16,30,3.52,6.33,0.55,0.54,0,0,0,0,8,16,3,1,1,0,0,3
12,71,4,2004-05-12,5,3,W,L,Yes,No,No,Yes,H,Montreal,Tampa Bay,P1,63,39,13,17,4.93,5.3,0.58,0.59,4,10,5,2,15,14,1,3,0,0,5,4
12,72,0,2004-08-12,1,2,L,W,No,No,No,Yes,H,Montreal,Tampa Bay,P2,40,41,10,17,3.85,7.22,0.58,0.54,9,9,2,2,17,14,3,1,0,1,5,1
12,73,2,2004-10-12,1,7,L,W,No,No,No,No,A,Montreal,Tampa Bay,P2,48,43,14,31,4.1,5.67,0.6,0.49,12,12,1,1,19,13,2,0,0,0,7,2
12,74,4,2004-12-12,2,5,L,W,No,No,No,No,A,Montreal,Tampa Bay,P2,40,44,18,26,2.88,7.15,0.57,0.51,25,15,0,5,21,13,3,1,1,0,6,4
12,75,0,4-15-12,1,4,L,W,No,No,No,No,A,Montreal,Tampa Bay,P2,36,47,7,33,3.45,6.82,0.62,0.59,12,12,1,1,8,16,1,2,0,0,3,4
12,76,2,4-17-12,3,0,W,L,Yes,No,No,No,A,Montreal,Tampa Bay,P1,35,67,8,30,2.85,6.95,0.56,0.55,18,10,0,4,12,16,4,0,0,0,4,8
12,77,4,4-19-12,1,3,L,W,No,No,No,Yes,H,Montreal,Tampa Bay,P2,43,48,12,21,3.57,6.82,0.62,0.6,13,11,3,4,20,20,5,0,0,0,4,6
12,78,0,4-22-12,1,2,L,W,No,No,No,No,A,Montreal,Tampa Bay,P2,42,41,11,26,3.67,5.77,0.61,0.52,4,2,1,1,8,15,1,3,0,1,2,6
12,79,2,4-24-12,1,5,L,W,No,No,No,No,A,Montreal,Tampa Bay,P2,42,63,14,22,3.87,5.83,0.6,0.58,9,7,1,2,17,8,4,2,0,0,3,2
12,80,4,4-26-12,0,3,L,W,No,No,No,No,A,Montreal,Tampa Bay,P2,38,41,8,24,3.28,5.53,0.61,0.52,14,12,1,2,19,12,2,0,0,0,1,6
12,81,0,4-29-12,3,4,L,W,No,No,No,No,A,Montreal,Tampa Bay,P1,39,50,17,26,2.77,7.37,0.6,0.55,10,10,0,0,16,15,4,2,0,1,3,4
12,82,2,2005-01-12,1,2,L,W,No,No,No,No,A,Montreal,Tampa Bay,P2,43,53,10,23,4.35,5.47,0.63,0.52,21,21,3,3,22,14,3,0,1,0,6,5
12,83,3,2005-02-12,4,5,SL,W,No,No,Yes,No,A,Montreal,Tampa Bay,P2,48,66,11,33,3.77,7.3,0.56,0.61,13,5,0,4,22,17,7,0,1,0,6,5
12,84,0,2005-06-12,2,5,L,W,No,No,No,No,A,Montreal,Tampa Bay,P2,33,57,14,27,2.07,6.65,0.49,0.55,7,5,0,1,10,16,2,1,0,0,2,4
12,85,2,2005-08-12,3,4,L,W,No,No,No,No,A,Montreal,Tampa Bay,P2,38,42,12,26,4.5,6.02,0.64,0.56,4,2,1,2,15,13,1,1,0,1,4,3
12,86,0,5-13-12,1,2,SL,W,No,No,Yes,No,A,Montreal,Tampa Bay,P1,56,44,11,29,4.27,5.78,0.48,0.52,2,2,1,1,17,11,3,1,0,0,6,6
12,87,2,5-15-12,3,7,L,W,No,No,No,No,A,Montreal,Tampa Bay,P2,42,41,12,26,4.58,5.73,0.61,0.46,19,17,1,2,21,10,1,2,0,0,6,0
12,88,4,5-17-12,1,4,L,W,No,No,No,No,A,Montreal,Tampa Bay,P2,48,45,12,18,4.87,5.2,0.56,0.54,13,7,1,4,20,12,2,2,1,0,4,3
12,89,0,5-20-12,2,6,L,W,No,No,No,No,A,Boston,Tampa Bay,P2,37,42,15,21,5.27,6.87,0.56,0.53,15,13,3,5,22,13,1,3,0,0,6,3
12,90,2,5-22-12,2,4,L,W,No,No,No,No,A,Montreal,Tampa Bay,P2,37,56,16,34,3.43,7.1,0.6,0.54,20,18,4,5,20,16,3,4,0,0,5,1
12,91,4,5-24-12,3,5,L,W,No,No,No,No,A,Montreal,Tampa Bay,P2,61,49,16,21,4.52,6.2,0.67,0.57,18,12,1,4,20,12,4,2,0,1,6,2
12,92,2,5-29-12,2,1,W,L,Yes,No,No,No,A,Montreal,Tampa Bay,P1,45,48,11,27,3.77,7.22,0.6,0.46,21,23,4,3,14,18,1,1,0,0,4,5
12,93,4,5-31-12,3,2,W,L,Yes,No,No,Yes,H,Montreal,Tampa Bay,P1,38,39,15,18,4.57,5.08,0.58,0.57,15,17,1,0,16,15,2,1,0,0,3,3
12,94,0,2006-03-12,3,2,W,L,Yes,No,No,Yes,H,Montreal,Tampa Bay,P2,53,46,14,26,5.07,5.95,0.63,0.54,16,16,3,3,24,12,3,2,0,0,8,5
12,95,2,2006-05-12,3,4,OL,W,No,Yes,No,Yes,H,Montreal,Tampa Bay,P2,53,52,10,29,5.45,6.7,0.61,0.54,17,13,5,6,19,25,1,6,0,1,5,5
12,96,0,2006-10-12,0,6,L,W,No,No,No,No,A,Montreal,Tampa Bay,P2,37,55,19,24,3.72,7.27,0.56,0.5,21,17,1,3,24,13,2,1,1,2,5,5
12,97,2,2006-12-12,4,5,SL,W,No,No,Yes,No,A,Montreal,Tampa Bay,P2,42,78,13,24,4.6,7.63,0.62,0.53,15,9,2,5,24,16,1,2,0,0,7,7
12,98,4,6-14-12,1,8,L,W,No,No,No,No,A,Montreal,Tampa Bay,P2,41,57,19,19,3.97,6.78,0.53,0.6,23,21,3,4,24,14,1,4,0,0,6,2
12,99,2,6-19-12,2,3,L,W,No,No,No,No,A,Montreal,Tampa Bay,P1,44,54,9,35,3.8,6.08,0.58,0.46,7,11,3,1,17,11,2,0,0,0,5,1
12,100,4,6-21-12,1,4,L,W,No,No,No,No,A,Montreal,Tampa Bay,P2,42,42,16,32,5.53,6.12,0.63,0.52,17,17,1,1,17,12,0,0,0,0,5,4
12,101,2,6-26-12,1,7,L,W,No,No,No,No,A,Montreal,Tampa Bay,P1,38,61,20,30,3.43,7.27,0.58,0.46,13,11,3,4,19,16,2,2,0,0,2,5
12,102,4,6-28-12,1,2,OL,W,No,Yes,No,No,A,Boston,Tampa Bay,P2,47,50,22,24,4.58,6.58,0.66,0.58,8,6,3,4,20,10,2,1,0,0,6,4
12,103,0,2007-01-12,1,2,L,W,No,No,No,No,A,Pittsburgh,Tampa Bay,P2,46,59,16,24,5.35,6.27,0.64,0.54,16,20,5,2,12,21,3,1,0,0,4,7
12,104,4,2007-05-12,3,4,OL,W,No,Yes,No,No,A,Pittsburgh,Tampa Bay,P2,50,49,20,14,5.2,6.83,0.63,0.57,12,12,1,1,20,9,4,1,0,1,4,2
12,105,0,2007-08-12,3,4,L,W,No,No,No,No,A,Pittsburgh,Tampa Bay,P1,35,40,18,21,3.8,7.42,0.6,0.53,12,14,2,1,8,16,0,0,0,0,0,6
12,106,2,2007-10-12,2,9,L,W,No,No,No,No,A,Pittsburgh,Tampa Bay,P2,43,54,15,26,3.72,6.68,0.57,0.55,11,13,4,3,23,21,3,1,0,0,6,5
12,107,3,2007-11-12,3,4,OL,W,No,Yes,No,No,A,Pittsburgh,Tampa Bay,P2,56,38,13,25,4.95,7.02,0.61,0.53,17,21,3,1,17,10,1,2,1,1,5,2
12,108,0,7-15-12,0,4,L,W,No,No,No,No,A,Pittsburgh,Tampa Bay,P2,40,44,14,25,3.93,5.95,0.55,0.44,14,12,1,2,15,10,1,0,0,0,4,3
12,109,2,7-17-12,3,4,L,W,No,No,No,No,A,Pittsburgh,Tampa Bay,P2,50,52,17,17,4.25,6.1,0.63,0.57,8,2,1,4,11,18,2,4,0,0,4,5
12,110,4,7-19-12,1,4,L,W,No,No,No,No,A,Pittsburgh,Tampa Bay,P2,48,38,16,13,4.5,4.62,0.61,0.48,14,14,2,2,18,15,1,2,0,0,4,3
12,111,0,7-22-12,2,4,L,W,No,No,No,No,A,Pittsburgh,Tampa Bay,P1,45,49,14,25,4.52,6.05,0.58,0.53,19,17,1,2,19,14,7,1,0,1,6,2
12,112,2,7-24-12,1,2,L,W,No,No,No,No,A,Pittsburgh,Tampa Bay,P2,43,43,13,21,4.6,5.35,0.66,0.53,14,10,0,2,9,10,1,3,0,0,2,3
12,113,4,7-26-12,3,4,L,W,No,No,No,No,A,Pittsburgh,Tampa Bay,P1,43,42,15,21,3.83,6.63,0.63,0.57,12,14,2,1,13,18,3,2,1,0,2,3
12,114,0,7-29-12,1,2,L,W,No,No,No,No,A,Boston,Tampa Bay,P2,56,44,9,20,4.95,5.42,0.66,0.56,12,16,3,1,18,8,4,3,0,0,5,2
12,115,3,12-19-12,4,6,L,W,No,No,No,No,A,Montreal,Tampa Bay,P2,43,52,14,33,4.78,5.78,0.57,0.56,6,6,3,3,19,13,1,1,1,1,4,4
12,116,0,12-23-12,2,7,L,W,No,No,No,No,A,Montreal,Tampa Bay,P2,47,49,18,34,4.95,6,0.63,0.55,6,12,6,3,24,16,1,12,0,0,7,4
12,117,2,12-25-12,1,3,L,W,No,No,No,No,A,Boston,Tampa Bay,P1,35,44,14,28,3.7,6.12,0.6,0.53,9,9,2,2,16,10,0,2,1,0,3,2
12,118,4,12-27-12,6,5,W,OL,Yes,Yes,No,No,A,Montreal,Tampa Bay,P1,47,55,16,27,4.83,6.7,0.6,0.55,2,0,0,0,22,17,4,1,0,0,5,1
13,119,0,12-30-12,2,1,W,SL,Yes,No,Yes,Yes,H,Montreal,Tampa Bay,P2,54,37,13,26,4.95,5.28,0.51,0.56,7,13,4,1,4,1,4,2,0,0,4,5
13,120,3,2001-02-13,2,5,L,W,No,No,No,Yes,H,Montreal,Tampa Bay,P2,41,66,8,16,4.1,6.83,0.41,0.5,6,6,3,3,3,3,2,5,0,0,4,5
13,121,0,2001-06-13,4,2,W,L,Yes,No,No,No,A,Montreal,Tampa Bay,P1,31,43,7,21,4.72,6.4,0.41,0.5,4,8,4,2,4,2,2,2,1,0,7,5
13,122,2,2001-08-13,2,3,L,W,No,No,No,Yes,H,Montreal,Tampa Bay,P1,30,48,11,18,4.92,6.7,0.48,0.54,12,0,0,6,0,6,1,1,1,0,3,5
13,123,4,2001-10-13,3,4,L,W,No,No,No,No,A,Montreal,Tampa Bay,P1,55,40,10,26,4.85,5.87,0.5,0.47,8,8,4,4,4,4,2,2,0,0,4,8
13,124,0,1-13-13,2,5,L,W,No,No,No,No,A,Montreal,Tampa Bay,P2,43,48,6,14,3.8,6.65,0.48,0.4,6,6,3,3,3,3,0,1,0,0,4,2
13,125,2,1-15-13,2,3,L,W,No,No,No,No,A,Montreal,Tampa Bay,P1,46,52,16,14,3.73,6.85,0.53,0.5,6,12,6,3,6,3,4,2,0,0,4,4
13,126,0,1-20-13,4,3,W,OL,Yes,Yes,No,No,A,Philly,Tampa Bay,P1,52,53,6,19,4.58,6.12,0.53,0.55,6,14,7,3,7,3,6,1,1,0,7,1
13,127,2,1-22-13,3,4,L,W,No,No,No,Yes,H,Montreal,Tampa Bay,P1,59,48,15,15,3.52,6.08,0.46,0.51,8,12,6,4,6,4,1,3,0,0,8,5
13,128,4,1-24-13,4,3,W,SL,Yes,No,Yes,No,A,Montreal,Tampa Bay,P2,37,54,9,16,4.05,7.1,0.47,0.58,6,4,2,3,2,3,1,1,1,0,1,6
13,129,3,1-30-13,1,2,L,W,No,No,No,Yes,H,Montreal,Tampa Bay,P2,38,45,9,16,4.4,6.7,0.57,0.47,4,2,1,2,1,2,3,3,0,0,3,5
13,130,4,1-31-13,1,9,L,W,No,No,No,No,A,Montreal,Tampa Bay,P2,33,60,12,10,3.95,6.08,0.44,0.55,17,15,0,1,0,1,2,1,1,0,1,8
13,131,0,2002-03-13,3,4,SL,W,No,No,Yes,No,A,Philly,Tampa Bay,P1,53,52,12,21,4.13,6.38,0.57,0.48,4,4,2,2,2,2,1,2,1,0,4,5
13,132,2,2002-05-13,1,2,OL,W,No,Yes,No,No,A,Montreal,Tampa Bay,P1,45,56,10,10,4.38,6.48,0.45,0.61,10,0,0,5,0,5,2,2,0,0,3,3
13,133,4,2002-07-13,3,6,L,W,No,No,No,No,A,Montreal,Tampa Bay,P2,46,62,13,19,2.82,6.73,0.49,0.51,4,12,6,2,6,2,3,2,0,1,7,4
13,134,0,2002-10-13,2,4,L,W,No,No,No,No,A,Montreal,Tampa Bay,P2,24,46,10,14,2.8,7.48,0.43,0.48,8,6,4,3,4,3,1,0,1,0,5,5
13,135,4,2-14-13,4,6,L,W,No,No,No,No,A,Montreal,Tampa Bay,P2,36,67,13,16,3.47,7.12,0.47,0.6,33,19,2,9,2,9,0,3,0,1,3,4
13,136,0,2-17-13,2,6,L,W,No,No,No,No,A,Montreal,Tampa Bay,P2,43,51,19,11,3.1,6.83,0.45,0.43,10,0,0,5,0,5,3,2,0,0,3,4
13,137,4,2-21-13,5,3,W,L,Yes,No,No,No,A,Montreal,Tampa Bay,P2,48,59,9,17,4.73,6.22,0.58,0.53,6,4,2,3,2,3,3,6,0,0,3,2
13,138,0,2-24-13,3,5,L,W,No,No,No,Yes,H,Montreal,Tampa Bay,P2,48,49,10,11,4.85,5.78,0.47,0.49,19,17,1,2,1,2,1,2,0,0,3,3
13,139,4,2-28-13,4,5,OL,W,No,Yes,No,No,A,Montreal,Tampa Bay,P2,58,49,17,20,4.92,6.2,0.46,0.54,6,12,6,3,6,3,1,3,0,1,5,6
13,140,0,2003-03-13,4,2,W,L,Yes,No,No,No,A,Montreal,Tampa Bay,P1,53,39,4,18,5.03,5.77,0.58,0.52,4,6,3,2,3,2,1,2,1,0,6,5
13,141,4,2003-07-13,4,3,W,SL,Yes,No,Yes,Yes,H,Montreal,Tampa Bay,P1,46,74,12,15,4.62,7.52,0.57,0.63,11,8,4,4,4,4,2,6,1,0,2,4
13,142,0,2003-10-13,5,6,L,W,No,No,No,Yes,H,Montreal,Tampa Bay,P2,54,48,11,15,5.15,6.6,0.58,0.45,8,6,3,4,3,4,3,0,0,0,3,1
13,143,2,2003-12-13,2,4,L,W,No,No,No,No,A,Montreal,Tampa Bay,P2,45,64,10,17,3.88,6.52,0.47,0.47,8,4,2,4,2,4,4,1,0,0,7,1
13,144,6,3-16-13,3,2,W,SL,Yes,No,Yes,No,A,Montreal,Tampa Bay,P1,46,48,12,22,6.12,5.3,0.58,0.51,4,10,5,2,5,2,5,3,0,0,8,2
13,145,2,3-19-13,4,5,OL,W,No,Yes,No,Yes,H,Montreal,Tampa Bay,P2,56,51,20,17,5.17,6.42,0.49,0.5,9,30,6,2,6,2,2,4,0,0,7,4
13,146,4,3-21-13,5,0,W,L,Yes,No,No,No,A,Montreal,Tampa Bay,P1,43,44,19,16,4.82,6.08,0.62,0.54,6,10,6,2,6,2,2,3,0,0,0,7
13,147,0,3-24-13,3,4,L,W,No,No,No,Yes,H,Montreal,Tampa Bay,P2,42,55,16,8,4.65,7.07,0.47,0.64,8,2,1,4,1,4,2,1,0,0,3,3
13,148,2,3-26-13,4,2,W,L,Yes,No,No,No,A,Montreal,Tampa Bay,P2,54,43,15,10,4.1,5.82,0.61,0.55,6,8,4,3,4,3,4,1,0,0,4,0
13,149,4,3-28-13,1,3,L,W,No,No,No,Yes,H,Montreal,Tampa Bay,P2,46,53,12,8,4.4,7.23,0.48,0.44,0,8,4,0,4,0,2,2,0,0,3,0
13,150,0,3-31-13,3,6,L,W,No,No,No,No,A,Montreal,Tampa Bay,P1,42,56,17,11,4.65,6.12,0.47,0.57,0,2,1,0,1,0,2,1,0,0,4,0
13,151,2,2004-02-13,0,4,L,W,No,No,No,No,A,Montreal,Tampa Bay,P2,31,44,14,7,4.03,7.32,0.43,0.5,2,2,1,1,1,1,2,2,0,0,2,2
13,152,4,2004-04-13,7,5,W,L,Yes,No,No,No,A,Montreal,Tampa Bay,P1,60,44,10,9,4.17,6.67,0.54,0.52,8,14,8,3,8,3,3,2,0,0,12,2
13,153,0,2004-07-13,3,7,L,W,No,No,No,Yes,H,Montreal,Tampa Bay,P2,47,54,20,8,4.67,7.12,0.55,0.51,8,14,7,4,7,4,1,2,1,1,4,8
13,154,2,2004-09-13,2,4,L,W,No,No,No,No,A,Montreal,Tampa Bay,P2,41,63,17,5,3.45,6.87,0.49,0.57,22,18,4,6,4,6,0,2,0,0,5,5
13,155,2,4-23-13,0,6,L,W,No,No,No,No,A,Montreal,Tampa Bay,P2,38,44,17,12,4.03,5.98,0.3,0.49,8,4,2,4,2,4,2,2,0,0,3,4
13,156,4,4-25-13,3,4,L,W,No,No,No,No,A,Montreal,Tampa Bay,P1,48,41,8,8,5.52,5.2,0.55,0.52,6,14,7,3,7,3,1,5,1,1,5,2
13,157,0,4-28-13,3,2,W,L,Yes,No,No,No,A,Montreal,Tampa Bay,P2,56,47,25,12,4.18,5.6,0.56,0.51,6,14,7,3,7,3,1,2,0,0,2,6
13,158,2,4-30-13,1,3,L,W,No,No,No,Yes,H,Montreal,Tampa Bay,P1,30,57,16,3,3.13,5.98,0.46,0.52,6,2,1,3,1,3,1,2,0,0,2,2
13,159,4,2005-02-13,3,1,W,L,Yes,No,No,No,A,Montreal,Tampa Bay,P1,55,58,12,13,4.62,5.53,0.51,0.58,6,6,3,3,3,3,0,3,0,0,3,2
13,160,0,2005-05-13,1,5,L,W,No,No,No,Yes,H,Montreal,Tampa Bay,P1,54,52,16,14,3.92,6.37,0.49,0.6,4,4,2,2,2,2,0,2,0,0,5,5
13,161,2,2005-07-13,4,6,L,W,No,No,No,No,A,Montreal,Tampa Bay,P2,38,58,15,7,3.57,8.67,0.52,0.61,0,12,6,0,6,0,2,5,0,0,3,3
13,162,3,2005-08-13,1,2,L,W,No,No,No,No,A,Montreal,Tampa Bay,P1,50,53,12,5,4.33,6.65,0.44,0.55,6,10,5,3,5,3,2,1,0,0,4,4
13,163,0,2005-12-13,2,4,L,W,No,No,No,No,A,Montreal,Tampa Bay,P2,37,56,16,3,3.52,7.12,0.54,0.51,12,2,1,6,1,6,4,2,0,0,2,2
13,164,2,5-14-13,1,4,L,W,No,No,No,No,A,Montreal,Tampa Bay,P2,52,55,6,10,3.53,7.02,0.54,0.49,4,8,4,2,4,2,3,3,0,1,5,2
13,165,4,5-16-13,0,2,L,W,No,No,No,No,A,Montreal,Tampa Bay,P2,32,66,7,4,3.1,7.47,0.44,0.53,4,12,6,2,6,2,1,7,0,1,5,4
13,166,0,5-19-13,1,4,L,W,No,No,No,No,A,Montreal,Tampa Bay,P2,35,55,15,5,3.27,6.7,0.5,0.53,12,6,3,6,3,6,4,2,1,0,6,2
13,167,2,5-21-13,1,5,L,W,No,No,No,No,A,Pittsburgh,Tampa Bay,P2,45,43,9,3,4.22,6.98,0.56,0.58,8,12,6,4,6,4,0,4,1,0,9,4
13,168,4,5-23-13,3,4,OL,W,No,Yes,No,No,A,Pittsburgh,Tampa Bay,P1,50,57,17,4,4.68,7.4,0.52,0.54,6,10,5,3,5,3,2,1,0,0,3,0
13,169,4,5-30-13,5,9,L,W,No,No,No,No,A,Montreal,Tampa Bay,P2,47,47,11,9,3.87,6.28,0.52,0.52,8,4,3,3,3,3,2,4,2,1,3,4
13,170,0,2006-02-13,3,2,W,OL,Yes,Yes,No,No,A,Pittsburgh,Tampa Bay,P1,45,56,21,5,3.7,6.97,0.56,0.48,4,8,4,2,4,2,4,2,0,1,5,2
13,171,3,2006-05-13,1,2,L,W,No,No,No,Yes,H,Pittsburgh,Tampa Bay,P2,37,47,10,6,4.68,5.8,0.58,0.43,8,0,0,4,0,4,0,3,0,0,6,1
13,172,4,2006-06-13,3,2,W,L,Yes,No,No,No,A,Montreal,Tampa Bay,P2,43,53,11,10,4.35,4.68,0.59,0.51,6,6,3,3,3,3,1,0,0,0,5,6
13,173,0,2006-09-13,4,2,W,L,Yes,No,No,Yes,H,Montreal,Tampa Bay,P1,57,45,11,10,4.65,5.87,0.48,0.49,6,10,5,3,5,3,3,3,0,0,5,4
13,174,4,6-13-13,5,3,W,L,Yes,No,No,Yes,H,Montreal,Tampa Bay,P1,45,51,7,5,3.97,7.03,0.58,0.53,10,12,5,6,5,6,3,2,0,0,4,3
13,175,0,6-16-13,3,2,W,L,Yes,No,No,Yes,H,Montreal,Tampa Bay,P1,46,42,8,8,3.15,5.88,0.53,0.54,4,6,3,2,3,2,2,0,0,0,8,4
13,176,4,6-20-13,2,6,L,W,No,No,No,Yes,H,Montreal,Tampa Bay,P2,41,55,7,19,4.42,6.4,0.59,0.48,6,6,3,3,3,3,2,3,0,0,2,7
13,177,0,6-23-13,5,6,SL,W,No,No,Yes,No,A,Montreal,Tampa Bay,P2,73,52,15,8,3.73,6.48,0.63,0.56,2,10,5,1,5,1,3,3,0,0,4,0
13,178,2,6-25-13,2,3,L,W,No,No,No,No,A,Montreal,Tampa Bay,P1,45,51,12,13,2.9,8.07,0.51,0.51,6,2,1,3,1,3,3,2,0,0,1,4
13,179,4,6-27-13,3,2,W,L,Yes,No,No,No,A,Montreal,Tampa Bay,P1,52,42,17,7,3.38,6.48,0.52,0.51,9,15,5,2,5,2,1,4,0,0,3,3
13,180,0,6-30-13,1,3,L,W,No,No,No,Yes,H,Montreal,Tampa Bay,P2,56,40,9,18,4.78,4.42,0.56,0.47,5,11,3,0,3,0,3,5,0,0,3,3
13,181,0,2007-07-13,0,4,L,W,No,No,No,No,A,Montreal,Tampa Bay,P2,42,46,16,11,2.92,7.52,0.53,0.44,20,14,2,5,2,5,3,2,0,0,3,0
13,182,2,2007-09-13,1,3,L,W,No,No,No,No,A,Montreal,Tampa Bay,P2,45,58,8,14,4.07,6.53,0.5,0.58,5,13,4,0,4,0,2,4,0,1,6,0
13,183,4,2007-11-13,0,4,L,W,No,No,No,No,A,Montreal,Tampa Bay,P2,59,41,9,12,4.02,5.77,0.61,0.57,19,19,2,2,2,2,2,1,0,0,4,5
13,184,0,7-14-13,3,4,L,W,No,No,No,No,A,Montreal,Tampa Bay,P1,45,52,11,5,3.08,6.67,0.53,0.43,12,10,5,5,5,5,3,1,0,0,4,4
13,185,4,7-18-13,0,2,L,W,No,No,No,No,A,Montreal,Tampa Bay,P2,54,49,12,19,4.02,5.8,0.59,0.5,11,5,0,3,0,3,3,0,0,0,3,6
13,186,0,7-21-13,3,5,L,W,No,No,No,No,A,Montreal,Tampa Bay,P1,54,34,13,19,4.62,4.42,0.52,0.49,2,6,3,1,3,1,1,1,0,0,3,3
13,187,2,7-23-13,2,3,L,W,No,No,No,No,A,Montreal,Tampa Bay,P1,59,53,8,9,3.82,7.27,0.54,0.53,0,8,4,0,4,0,2,3,0,0,2,6
13,188,4,7-25-13,2,4,L,W,No,No,No,No,A,Pittsburgh,Tampa Bay,P2,58,48,12,10,4.5,5.8,0.57,0.41,9,9,2,2,2,2,5,4,0,0,2,2
13,189,0,7-28-13,0,4,L,W,No,No,No,No,A,Boston,Tampa Bay,P2,51,42,13,8,4.12,5.9,0.46,0.48,4,0,0,2,0,2,3,3,0,0,3,0
13,190,0,2008-04-13,5,2,W,L,Yes,No,No,No,A,Montreal,Tampa Bay,P1,64,46,12,9,4.63,5.27,0.56,0.45,13,19,7,4,7,4,6,4,3,0,8,5
13,191,4,2008-08-13,4,9,L,W,No,No,No,Yes,H,Montreal,Tampa Bay,P1,72,50,8,8,4.63,5.75,0.5,0.49,8,4,2,4,2,4,3,0,0,0,1,4
13,192,0,2008-11-13,1,3,L,W,No,No,No,No,A,Montreal,Tampa Bay,P2,50,57,19,11,3.63,5.43,0.49,0.56,6,4,2,3,2,3,1,0,2,0,3,2
13,193,0,8-18-13,3,4,L,W,No,No,No,No,A,Montreal,Tampa Bay,P2,55,49,8,3,3.98,6.37,0.57,0.57,2,8,4,1,4,1,4,4,0,0,6,0
13,194,2,8-27-13,1,5,L,W,No,No,No,No,A,Montreal,Tampa Bay,P2,63,57,7,15,4.52,5.63,0.5,0.54,6,12,6,3,6,3,3,3,0,0,7,1
13,195,4,8-29-13,0,3,L,W,No,No,No,No,A,Boston,Tampa Bay,P2,44,51,17,12,3.4,5.93,0.53,0.55,16,8,3,9,3,9,4,1,0,0,6,3
13,196,0,2009-08-13,2,3,L,W,No,No,No,No,A,Montreal,Tampa Bay,P2,52,45,9,9,4.2,5.63,0.55,0.45,0,6,3,0,3,0,3,0,0,0,5,2
13,197,0,9-22-13,2,3,L,W,No,No,No,No,A,Montreal,Tampa Bay,P1,47,52,10,4,3.68,6.08,0.57,0.42,6,8,4,3,4,3,1,1,0,1,2,6
13,198,0,10-20-13,2,5,L,W,No,No,No,No,A,Montreal,Tampa Bay,P2,59,30,13,13,4.3,5.48,0.58,0.5,8,6,3,4,3,4,4,4,2,1,4,2
13,199,0,3-15-15,3,2,W,L,Yes,No,No,No,A,Montreal,Tampa Bay,P1,51,40,8,15,4.07,5.73,0.54,0.47,2,6,3,1,3,1,2,4,0,0,4,0
13,200,0,3-22-15,1,6,L,W,No,No,No,Yes,H,Montreal,Tampa Bay,P2,42,42,8,16,2.6,5.73,0.56,0.51,0,6,3,0,3,0,1,2,0,0,5,3
13,201,0,3-29-15,1,5,L,W,No,No,No,No,A,Montreal,Tampa Bay,P2,68,48,15,16,3.18,6.32,0.54,0.49,8,10,5,4,5,4,0,2,0,0,3,2
13,202,0,4-26-15,5,1,W,L,Yes,No,No,No,A,Montreal,Tampa Bay,P1,55,36,11,12,4.58,5.42,0.43,0.48,6,14,7,3,7,3,2,1,0,0,5,5
17,203,3,12-28-16,4,7,L,W,No,No,No,Yes,H,Montreal,Tampa Bay,P1,65,37,47,17,4.35,5.58,0.55,0.527,13,13,1,2,35,18,1,2,0,1,0,0
17,204,0,2001-01-17,2,7,L,W,No,No,No,No,A,Montreal,Tampa Bay,P2,47,39,37,41,4.08,5.95,0.59,0.591,10,12,6,5,37,15,0,0,0,0,0,0
17,205,1,2001-02-17,1,10,L,W,No,No,No,No,A,Montreal,Tampa Bay,P2,58,34,31,35,4.57,5.17,0.565,0.602,29,36,3,6,38,13,0,0,0,0,0,0
17,206,3,2001-04-17,5,4,W,SL,Yes,No,Yes,No,A,Montreal,Tampa Bay,P1,74,39,32,39,5.3,5.95,0.61,0.528,19,31,8,2,34,14,0,0,1,0,0,0
17,207,5,2001-06-17,4,3,W,OL,Yes,Yes,No,Yes,H,Montreal,Tampa Bay,P1,79,29,37,26,4.85,5.63,0.576,0.464,15,15,3,5,32,12,0,0,0,0,5,9
17,208,0,2001-08-17,3,4,OL,W,No,Yes,No,Yes,H,Montreal,Tampa Bay,P1,70,49,27,27,4.05,6.7,0.601,0.529,26,9,2,5,29,17,0,0,0,0,4,6
17,209,3,2001-11-17,8,4,W,L,Yes,No,No,No,A,Montreal,Tampa Bay,P1,69,39,18,35,3.43,6.1,0.583,0.579,11,15,5,3,22,20,0,0,0,0,3,8
17,210,0,1-15-17,4,5,OL,W,No,Yes,No,Yes,H,Montreal,Tampa Bay,P2,65,54,34,34,4.63,5.7,0.558,0.591,31,19,2,8,37,11,0,0,0,0,16,3
17,211,3,1-18-17,4,6,L,W,No,No,No,No,A,Montreal,Tampa Bay,P1,74,34,36,31,4.05,4.18,0.564,0.569,10,12,6,5,33,14,0,0,0,0,12,3
17,212,4,1-19-17,4,0,W,L,Yes,No,No,No,A,Montreal,Tampa Bay,P1,64,32,32,25,3.85,5.58,0.561,0.557,13,15,6,3,32,12,0,0,0,0,11,0
17,213,1,1-23-17,2,4,L,W,No,No,No,Yes,H,Montreal,Tampa Bay,P1,56,42,38,33,4.28,4.85,0.642,0.544,8,8,4,4,27,17,0,0,0,0,7,7
17,214,1,1-30-17,5,6,L,W,No,No,No,No,A,Montreal,Tampa Bay,P2,57,34,49,33,4.57,4.93,0.548,0.574,11,13,4,3,30,14,0,0,0,1,8,3
17,215,1,2002-06-17,1,3,L,W,No,No,No,No,A,Montreal,Tampa Bay,P2,70,34,36,22,4.5,5.47,0.539,0.506,4,23,5,2,29,10,0,0,0,0,8,2
17,216,1,2-13-17,3,5,L,W,No,No,No,No,A,Montreal,Tampa Bay,P2,55,45,43,14,4.27,5.47,0.492,0.535,8,6,3,4,35,6,0,0,2,0,9,1
17,217,1,2-20-17,2,7,L,W,No,No,No,No,A,Montreal,Tampa Bay,P2,56,48,30,33,4.22,5.23,0.545,0.534,31,12,6,11,41,11,0,0,0,0,11,4
